nYZ‘,2627
slender,2577
nils,2524
runaway,2459
KJC_Michael,2445
KJC_Yoda,2430
Urbanz,2395
z-dawg,2323
Slang,2312
avenger~,2292
noway,2280
Pumba,2265
Sev,2252
Killeashed,2245
Spitzkopf,2232
piCtrues,2191
Smith,2190
bl1nnk,2183
WOW,2183
Mr.Three,2176
KJC_Dave,2169
Whitehawk,2167
CAAMEN,2157
julz,2157
ace,2156
Seán,2147
Avaran,2116
ProSlayer,2089
RRWS,2089
Isoptox,2075
Never,2070
sick,2064
tsukiakari,2064
Skinny,2063
darkrider,2063
Stan_Smith,2061
Tinooo,2057
vishy,2053
RocKeT,2052
ELDER74,2047
JadugriD,2045
CocoLapin,2035
Villain,2031
Spongepig,2031
Lars,2030
TSO#UltimeHommeFromage,2022
hdtraffic,2021
Julius,2017
ZeroSamus,2009
Aditya,2009
Clone,2008
noah,2006
MPeace,1996
Kitty,1995
Bill'Boss,1987
KJC_Trinaldo,1983
TSO~M-u-t-a-n-e,1976
!*Foxx*!,1962
lukas2231,1962
Saimen,1962
jman40,1960
ROR-GeiST,1960
Inflexible,1960
xInFaMoUsJoKeR,1956
Viper,1955
Casu,1948
Patric,1947
Wege,1946
rebelzzCL,1942
vanda,1941
~LordVader~,1936
Minutes,1933
Neveryear,1932
nuht,1931
Anyder,1926
Backtous,1924
dani,1917
Erik,1912
HappyGondorian,1908
OMGITZSVENY,1901
eleveN,1896
TSO|Castano,1894
Greenie,1879
WhenDovesCry,1867
relation,1859
Quilty,1857
SloppyTheClown,1850
KJC_Obi-Wan,1831
IcemaN,1829
mclorenz,1815
KJC_SuperChameau,1811
KJC_BLAD3*Danoirk,1809
schrothi',1793
Timo,1787
kimimimimi,1783
Rupture,1762
Crüdé,1749
Phil182,1744
Rela,1744
Chapeau,1744
Quabity,1684
stefano,1667
DaFavorito,1660
MIKO,1646
final.dsp,1641
TSO_KKaya,1626
flo,1595
adestria,1589
TSO^Snachioz,1274
